-- Insert 20 categories
INSERT INTO public.categories (name) VALUES
  ('Eletrônicos'),
  ('Móveis'),
  ('Roupas'),
  ('Alimentos'),
  ('Bebidas'),
  ('Livros'),
  ('Brinquedos'),
  ('Ferramentas'),
  ('Jardinagem'),
  ('Decoração'),
  ('Esportes'),
  ('Música'),
  ('Arte'),
  ('Saúde'),
  ('Beleza'),
  ('Pet Shop'),
  ('Automotivo'),
  ('Papelaria'),
  ('Informática'),
  ('Casa e Banho');

-- Insert 20 clients
INSERT INTO public.clients (name, email, phone, status) VALUES
  ('João Silva', 'joao@email.com', '(11) 98765-4321', 'Ativo'),
  ('Maria Santos', 'maria@email.com', '(11) 98765-4322', 'Ativo'),
  ('Pedro Oliveira', 'pedro@email.com', '(11) 98765-4323', 'Inativo'),
  ('Ana Costa', 'ana@email.com', '(11) 98765-4324', 'Ativo'),
  ('Carlos Ferreira', 'carlos@email.com', '(11) 98765-4325', 'Prospecto'),
  ('Lucia Lima', 'lucia@email.com', '(11) 98765-4326', 'Ativo'),
  ('Roberto Alves', 'roberto@email.com', '(11) 98765-4327', 'Ativo'),
  ('Fernanda Pereira', 'fernanda@email.com', '(11) 98765-4328', 'Inativo'),
  ('José Santos', 'jose@email.com', '(11) 98765-4329', 'Ativo'),
  ('Paula Ribeiro', 'paula@email.com', '(11) 98765-4330', 'Prospecto'),
  ('Miguel Souza', 'miguel@email.com', '(11) 98765-4331', 'Ativo'),
  ('Clara Rodrigues', 'clara@email.com', '(11) 98765-4332', 'Ativo'),
  ('Bruno Castro', 'bruno@email.com', '(11) 98765-4333', 'Inativo'),
  ('Beatriz Martins', 'beatriz@email.com', '(11) 98765-4334', 'Ativo'),
  ('Ricardo Lima', 'ricardo@email.com', '(11) 98765-4335', 'Prospecto'),
  ('Amanda Silva', 'amanda@email.com', '(11) 98765-4336', 'Ativo'),
  ('Lucas Oliveira', 'lucas@email.com', '(11) 98765-4337', 'Ativo'),
  ('Mariana Costa', 'mariana@email.com', '(11) 98765-4338', 'Inativo'),
  ('Gabriel Santos', 'gabriel@email.com', '(11) 98765-4339', 'Ativo'),
  ('Julia Ferreira', 'julia@email.com', '(11) 98765-4340', 'Prospecto');

-- Insert 20 products
INSERT INTO public.products (name, price, stock, category) VALUES
  ('Smartphone XYZ', 1299.99, 50, 'Eletrônicos'),
  ('Sofá 3 Lugares', 1999.99, 10, 'Móveis'),
  ('Camiseta Básica', 49.99, 100, 'Roupas'),
  ('Arroz 5kg', 24.99, 200, 'Alimentos'),
  ('Vinho Tinto', 89.99, 30, 'Bebidas'),
  ('Romance Bestseller', 59.99, 45, 'Livros'),
  ('Boneca Interativa', 199.99, 25, 'Brinquedos'),
  ('Kit Ferramentas', 299.99, 15, 'Ferramentas'),
  ('Vaso de Planta', 79.99, 40, 'Jardinagem'),
  ('Quadro Decorativo', 149.99, 20, 'Decoração'),
  ('Bola de Futebol', 89.99, 60, 'Esportes'),
  ('Violão Acústico', 599.99, 8, 'Música'),
  ('Kit Pintura', 129.99, 35, 'Arte'),
  ('Vitamina C', 39.99, 150, 'Saúde'),
  ('Perfume Floral', 199.99, 25, 'Beleza'),
  ('Ração Premium', 89.99, 80, 'Pet Shop'),
  ('Óleo Motor', 34.99, 100, 'Automotivo'),
  ('Caderno Universitário', 19.99, 200, 'Papelaria'),
  ('Mouse Sem Fio', 79.99, 45, 'Informática'),
  ('Toalha de Banho', 44.99, 75, 'Casa e Banho');

-- Insert 20 orders with random products
INSERT INTO public.orders (client_id, total, status, date) VALUES
  (1, 1349.98, 'Entregue', '2025-05-01'),
  (2, 2089.98, 'Pendente', '2025-05-02'),
  (3, 149.97, 'Processando', '2025-05-03'),
  (4, 499.96, 'Entregue', '2025-05-04'),
  (5, 269.97, 'Cancelado', '2025-05-05'),
  (6, 779.95, 'Pendente', '2025-05-06'),
  (7, 1599.94, 'Processando', '2025-05-07'),
  (8, 89.99, 'Entregue', '2025-05-08'),
  (9, 399.98, 'Pendente', '2025-05-09'),
  (10, 249.97, 'Processando', '2025-05-10'),
  (11, 899.96, 'Entregue', '2025-05-11'),
  (12, 159.95, 'Cancelado', '2025-05-12'),
  (13, 1999.94, 'Pendente', '2025-05-13'),
  (14, 299.93, 'Processando', '2025-05-14'),
  (15, 699.92, 'Entregue', '2025-05-15'),
  (16, 449.91, 'Pendente', '2025-05-16'),
  (17, 1299.90, 'Processando', '2025-05-17'),
  (18, 199.89, 'Entregue', '2025-05-18'),
  (19, 599.88, 'Cancelado', '2025-05-19'),
  (20, 849.87, 'Pendente', '2025-05-20');

-- Insert order items for each order
INSERT INTO public.order_items (order_id, product_id, quantity, price) VALUES
  (1, 1, 1, 1299.99),
  (1, 3, 1, 49.99),
  (2, 2, 1, 1999.99),
  (2, 5, 1, 89.99),
  (3, 3, 3, 49.99),
  (4, 6, 2, 59.99),
  (4, 8, 1, 299.99),
  (5, 4, 3, 24.99),
  (5, 7, 1, 199.99),
  (6, 9, 2, 79.99),
  (6, 10, 1, 149.99),
  (7, 11, 1, 89.99),
  (7, 12, 1, 599.99),
  (8, 5, 1, 89.99),
  (9, 13, 2, 129.99),
  (9, 14, 1, 39.99),
  (10, 15, 1, 199.99),
  (10, 16, 1, 89.99),
  (11, 17, 2, 34.99),
  (11, 18, 3, 19.99),
  (12, 19, 2, 79.99),
  (12, 20, 1, 44.99),
  (13, 1, 1, 1299.99),
  (13, 2, 1, 1999.99),
  (14, 3, 2, 49.99),
  (14, 4, 2, 24.99),
  (15, 5, 3, 89.99),
  (15, 6, 2, 59.99),
  (16, 7, 1, 199.99),
  (16, 8, 1, 299.99),
  (17, 9, 2, 79.99),
  (17, 10, 1, 149.99),
  (18, 11, 1, 89.99),
  (18, 12, 1, 599.99),
  (19, 13, 3, 129.99),
  (19, 14, 2, 39.99),
  (20, 15, 1, 199.99),
  (20, 16, 2, 89.99);
